,,,,,,,,,,,,,,,,,,,,,,,,,
,,,,,,,,,,,,,,,,,,,,,,,,,
,,,,,,,,,,,,,,,,,,,,,,,,,
,,,,,,,,,,,,,,,,,,,,,,,,,
,,,,,,,,,,,,,,,,,,,,,,,,,
,,,,,,,,,,,,,,,,,,,,,,,,,
,,,,,,,,,,,,,,,,,,,,,,,,,
,,,,,,,,,,,,,,,,,,,,,,,,,
,,,,,,,,,,,,,,,,,,,,,,,,,
,,,,,,,,,,,,,,,,,,,,,,,,,
,,,,,,,,,,,,,,,,,,,,,,,,,
,,,,,,,,,,,,,,,,,,,,,,,,,
,,,,,,,,,,,,,,,,,,,,,,,,,
,,,,,,,,,,,,,,,,,,,,,,,,,
,,,,,,,,,,,,,,,,,,,,,,,,,
,,,,,,,,,,,,,,,,,,,,,,,,,,,,,
,,,,,,,,,,,,,,,,,,,,,,,,,,,,,
,,,,,,,,,,,,,,,,,,,,,,,,,,,,,
,,,,,,,,,,,,,,,,,,,,,,,,,,,,,
,,,,,,,,,,,,,,,,,,,,,,,,,,,,,
,,,,,,,,,,,,,,,,,,,,,,,,,,,,,
,,,,,,,,,,,,,,,,,,,,,,,,,,,,,
,,,,,,,,,,,,,,,,,,,,,,,,,,,,,
,,,,,,,,,,,,,,,,,,,,,,,,,,,,,
,,,,,,,,,,,,,,,,,,,,,,,,,,,,,
,,,,,,,,,,,,,,,,,,,,,,,,,,,,,
,,,,,,,,,,,,,,,,,,,,,,,,,,,,,
,,,,,,,,,,,,,,,,,,,,,,,,,,,,,
,,,,,,,M,,,,,,,,,,,,,,,,,,,,,,
FB,FB,FB,FB,FB,FB,FB,FB,FB,FB,FB,FB,FB,FB,FB,FB,FB,FB,FB,FB,FB,FB,FB,FB,FB,FB,FB,FB,FB,FB,FB
FB,FB,FB,FB,FB,FB,FB,FB,FB,FB,FB,FB,FB,FB,FB,FB,FB,FB,FB,FB,FB,FB,FB,FB,FB,FB,FB,FB,FB,FB,FB
FB,FB,FB,FB,FB,FB,FB,FB,FB,FB,FB,FB,FB,FB,FB,FB,FB,FB,FB,FB,FB,FB,FB,FB,FB,FB,FB,FB,FB,FB,FB
FB,FB,FB,FB,FB,FB,FB,FB,FB,FB,FB,FB,FB,FB,FB,FB,FB,FB,FB,FB,FB,FB,FB,FB,FB,FB,FB,FB,FB,FB,FB
FB,FB,FB,FB,FB,FB,FB,FB,FB,FB,FB,FB,FB,FB,FB,FB,FB,FB,FB,FB,FB,FB,FB,FB,FB,FB,FB,FB,FB,FB,FB
FB,FB,FB,FB,FB,FB,FB,FB,FB,FB,FB,FB,FB,FB,FB,FB,FB,FB,FB,FB,FB,FB,FB,FB,FB,FB,FB,FB,FB,FB,FB
FB,FB,FB,FB,FB,FB,FB,FB,FB,FB,FB,FB,FB,FB,FB,FB,FB,FB,FB,FB,FB,FB,FB,FB,FB,FB,FB,FB,FB,FB,FB
FB,FB,FB,FB,FB,FB,FB,FB,FB,FB,FB,FB,FB,FB,FB,FB,FB,FB,FB,FB,FB,FB,FB,FB,FB,FB,FB,FB,FB,FB,FB
FB,FB,FB,FB,FB,FB,FB,FB,FB,FB,FB,FB,FB,FB,FB,FB,FB,FB,FB,FB,FB,FB,FB,FB,FB,FB,FB,FB,FB,FB,FB
FB,FB,FB,FB,FB,FB,FB,FB,FB,FB,FB,FB,FB,FB,FB,FB,FB,FB,FB,FB,FB,FB,FB,FB,FB,FB,FB,FB,FB,FB,FB
FB,FB,FB,FB,FB,FB,FB,FB,FB,FB,FB,FB,FB,FB,FB,FB,FB,FB,FB,FB,FB,FB,FB,FB,FB,FB,FB,FB,FB,FB,FB
FB,FB,FB,FB,FB,FB,FB,FB,FB,FB,FB,FB,FB,FB,FB,FB,FB,FB,FB,FB,FB,FB,FB,FB,FB,FB,FB,FB,FB,FB,FB